1dSHQU8UmS5uePTDrWrEUi2yxbOhRtsJ7	絶滅危惧種 2023 05 13.PNG	weekly
1y_gczE2Q9ArLWVlQL61LUtT1zRXJtd0g	太平洋 2023 05 06.png	weekly
1eI5PhpQupleiH-QnctACB2gpe9s8Hx5e	スマスイ 2023 04 29.PNG	weekly
1j4ne1_hwdeWK6eblY0lsags4WuvV1HAe	熱帯魚　2023 04 22.PNG	weekly
1-38RGTcqE2QeEMa769e17BdN2byTFEPw	お寿司の魚 2023 04 08.PNG	weekly
1JrRbUXuTBSKoQZIlKplBrTImM7XT7uTR	アマゾンぬりえ2023 04 02.png	weekly
1eSljPJEn9xbA3BuhHt4NAEh4SNxMqOO3	2023 03 18.PNG	weekly
1jAWGwMm0O2NDEREEqv1nt5xj0_xi7hF3	2023 03 04.png	weekly
1MTrY2wNyyyY3Pk0YaXDquYlf_nAvUGfB	2023 02 18.png	weekly
1z6rZTjQsfCNdVy2aeVpkPlxRlNRfsGqy	2023 02 12.png	weekly
1fTWySzutl2jZGzsfW7CvkVtupjF_z6UU	2023 02 05.png	weekly
1xY5StMDN4ZK7cPFHJ2-zjO86WH4aD2Hc	かごしま水族館ぬりえ 2023 01 29.png	weekly
1qNkttUmW9Eso-gch7gEgB6R72lIDZgHD	2023 01 14.png	weekly
1qIGKr8Co7cO-kx4Qg7oEF_68yW7CE5oa	2022-11-20.jpeg	weekly
1GkgJFDndl4WIRWMb4nv2x4KJcNIZxhTr	2022 11 12.png	weekly
1tzVrwBWT2cDwlS_BrCmAt4MT1xMtgq35	2022 12 31.png	weekly
1cTtGXMyTKGmIyESVmTUB-_Kmjzmkyusm	2022-12-24.png	weekly
1fEprABPpYbUWnrEOrEYvQfLg0qrapRtw	2022-12-18.png	weekly
1RwieKzvAjur1ddn-eScr7rgfmwBQo5-p	2022-12-11.png	weekly
1TtcPtyszzS15Zors_-d2mwtgLEofL27Y	2022 11 26.png	weekly
1S5AoPiMrcIpBTc7aPRcQez86utULVC5k	びわこのさかな_2026 07 05	weekly
17M0aqzRXFb4zUxqfAtv7wyNBgh_KhfeV	シャチぬりえ.PNG	osusume
1WK1hiGuNzlx7PgqW0dwAZare8330UDb0	ジンベエザメとイルカ.PNG	osusume
1kcMirvCkpYPBArXx9eFsjvzhQo3TqklE	サケぬりえ.png	osusume
1oLLWzbOy3WUJa2HDwbz26NvfBgGfeFu_	チンアナゴぬりえ.PNG	osusume
1cBPMKX-tbYdqFHicRH9_xrVan-BWTuc_	深海魚.PNG	osusume
1EX4L0d7owGfvP5EAS244OmzLhnV9go8g	オオサンショウウオ.PNG	osusume
1eyuwa__HAoVpL6e98e2Q44QK47tt9UJK	ホホジロザメ.PNG	osusume
1c-oICoDV2b2btDkNeMW2ig1lGmXFdIqS	マリンワールド海の中道ぬりえ.PNG	youtube
1pN74AOnG8Hvp04XCqtyEGYqM-KzeHC0x	かまぼこぬりえ.PNG	youtube
1qCrlAxk5abyiE6GelvkC4f1YchMwOb_K	すしぞくかん.png	youtube
19kXoNS0QFaHgRd5gKiJ5XY-9tOpaceFU	ぬりえ_すしぞくかん（使用可）.png	youtube
1859cGUC_Z2MZC7JLBdIUVCXltLWuH7TQ	2026_5月深海カレンダー	calendar
1Ecdh0OoaYPPBfj2MH0ZCcqfRdaZcZpWB	2026_4月 イルカクジラカレンダー	calendar
18rDYX7YVoDV1fNfj-IwVGPLHR42k89cD	2026_3月カレンダー 春が旬のさかな	calendar
1nmK5uTGTfOJ3T9JtRTz4YT6dgfNNQ9t-	2026_2月_オニのさかな	calendar
1Gm7hhPFsqk3IHinM4tlVBX8EIQqfMTmC	2026_1月 干支カレンダー	calendar
1ddMArKKN5ZhQA65XP0cOtk9yndVo2GWO	クリスマスアドベントカレンダー_2025	calendar
1KlDnOo0kh6mjC1T55Ynj0o1MvYFTU3Yu	2025_11月 イカタコ大特集	calendar
1MMw_YlBmqQ4seTRSjBBiZxFWM-5RouIW	2025_10月 イヤイヤ！危険な魚	calendar
1BkbYdvJMntGFa0jfZ_LYxVSXhjpONzmm	2025_9月 秋が旬のさかな.PNG	calendar
1oG3aX8AaTU6gtZ1hNcHo-GOTarSS0WA9	2025_8月 夏に美味しいさかな	calendar
1jv3rYaF9QmIIDmMlODaHm_4PoA6ugNBG	2025_7月カレンダー	calendar
1-AcA8CfxIIiSuFgl0Xed7JJf5ff0CwMv	2025_6月カレンダー_雨	calendar
1zqGXYZm1ptnxeFNhX5vu1jbZUGRIvIrh	2025_5月 コイと淡水魚	calendar
1S6P0O4vM5uh0kMFOVM_zZ44XmfuqzOFx	持ち物チェッカー_2025 04 12	calendar
1Uzp96LlFXpSyyJr_uaORjUjmjQ48PAg1	時間割表_2025 04 05	calendar
1sxc8YSe0V1SJ_NvAua_iI3jgh9aE9g4r	2025_4月カレンダー桜	calendar
108txdKM_QzA7S6bGvoALTwnqWD1VXyMZ	2025_3月カレンダー.PNG	calendar
1UzfbOdxi3HLe-ytPTPyg150qT0wROQdQ	2025_2月 フグ.PNG	calendar
1rEAmsOcBrnaVhOpjWi2LTzHnTQvJluXM	2025_1月 巳年のさかな.PNG	calendar
1KOCl8yjcIK2jPeExMVsjB6v0oa16EFOX	2024_12月カレンダー.PNG	calendar
1XaaO8KuVi1caLKlaFv0Vh7jckrOQRiM7	2023_12月カレンダー クリスマス.png	calendar
1wbKPr3natqd43L1LNuRv0pXY5sLM2D2k	2024_11月カレンダー あやかり鯛.PNG	calendar
1wkCK_u6ZONXDO-qeWAeaKxm42Y3s6QLc	2024_10月カレンダー ハロウィン.PNG	calendar
14uNbxMUhaMh0Cp383rpegJ7Sr2KowPT-	のとじまのさかな_2024 08 27.PNG	calendar
1u0zctPpcJFeolmg2Eq6DxFO0Y4bMKcAz	夜行性_2024 08 19.PNG	calendar
1xab5Rd7bcA3jprdqT4vlmxtzhTpqZ7J5	2024_8月カレンダー 磯のさかな.PNG	calendar
12TwKTH8v94zyYk1pB_jPuMc9-ggClyVM	2024_7月カレンダー 七夕.PNG	calendar
1sNrQoIuC6wNzGT9Abcanzfz6cnv-iU6B	2024_6月カレンダー 田んぼの生き物.PNG	calendar
1MQSPVOJtVhYgxBuvqx2FWlo4qmt-XruD	2024_5月カレンダー 金魚.PNG	calendar
1O1-N0exXmyj5DojH73l29voX2QpmCmYW	2024_4月カレンダー 春が旬の魚.PNG	calendar
1uELxSOv6kZCyzAyoOT3v_wU4OxI3VE31	2024_3月カレンダー ひな祭りオスとメスで違う魚.PNG	calendar
1tDFxYvpozzR7aLM3rQ0lXIA5TV9qsj0d	2024_2月カレンダー 鬼と節分.PNG	calendar
1L9gdr8eNykkb3smCB1Jn210z-SpVIUFg	2024_1月カレンダー エビカニ.png	calendar
1qNg6IfNJ4NwgSBrRGGKxfh2ZZNxnoQZy	2023_11月カレンダー 日本海のさかな.png	calendar
1oB_0xK3jb_WilXb4RnsjgvQ7QmoNxCy5	2023_10月カレンダー ハロウィン.png	calendar
1mJUtT9g-B1HnkQhJOKYoJmCk_FFXHZG-	2023_9月カレンダー 秋の旬の魚.PNG	calendar
1XgyQ78j6qTvMI6XDPK-zDc9y-IyaHUxX	2023_8月カレンダー おさかなさがしえずかん.PNG	calendar
1jkXOF81FadgITbzSiqxxP5EelsBEf_G6	2023_7月カレンダー 磯の生き物.PNG	calendar
1OjHF8s-4RnHdDMf3XITM-0HiblVg6VE3	2023_6月カレンダー.png	calendar
1xb9EbGn8FNybWGHZaL_bmFC0CZqPZtv_	2023_4月カレンダー.png	calendar
1Ivou3CPS_XLCHBxg_eJxj40h9SOn0USV	2023_3月カレンダー.png	calendar
1vvez14mZfF73Viop-LInZl-kCSsS5hGs	2023_2月カレンダーぬりえ.png	calendar
1GamHl4x1fjAdjdFAzKU7H6OzDVrUy6TR	2023_1月カレンダー.png	calendar
1ltNcE11_JdRtdEGm7JduTnPyUuR9HpAM	カメ大特集_2026/07/21 のコピー	weekly
1ynfdbOd32uv9d7QjXXJIdbUk0NBeQv86	危険生物_2026/06/17 のコピー	weekly
1B0YOKfJIh1z8Pwr9xXyizv9prnes7Ms-	初めての釣り_2026/06/07 のコピー	weekly
1roZzsKZbhrYVBxrO4bhLebzakvzf7ubz	海遊館の生き物ぬりえ のコピー	youtube
