1CV-buas42VYBbV_J2K6VNces9nNcMerc	カメ大集合！_2024 03 16.PNG
1Rzgv8Snf7Dwy2UGtPgICEJ0LDWtRO_fU	東北のさかな_2026 05 23
1j8oTQlgiTk9iUHhexTn7U5rgEwvUtTV3	フグぬりえ_2026 05 16
13EX6P_jcvWvQC0Lm2kY_-jwCUUGczEIg	子育てする魚.PNさかな_2026 05 07
175zXvOlOXnYPoXTAH2fxofxIqiKKck8E	磯の危険生物_2026 04 25
12BaKkHyafLzTXd06l5VP2CdFhMhMXfPW	釣りのさかな_2026 04 14
1o15KHc3s5JkGK2-LXM3HLQMA5ohTOSFI	古代魚_2026 03 10
1Lt2tqSPMXbEVAqY-wzqth3ixk484zcCY	マグロぬりえ_2026 03 04
1jzSaTza2ON8BtvivvKzavL6cwf59c2SJ	おすしぬりえ_2026 02 21
115DNeDbG0uH-3KNytGhj4T3RySkaM7o1	ニフレルぬりえ_2026 02 14
1cZkSSzxgmQOMh8tvLuMWgU4VzNICyu24	フナ金魚_2026 02 07
1vtHE93SLblGsEVi_3h6ZZd3tapKLK77F	おさかなしりとり2026_2026 01 18.PNG
1Ypt1rSPSuBq2sHWFpNKwMU19dFIw2Xlu	サメ大集合2026_2026 01 10
1LhmLG7OChLUUP2Nz68dacp-l-6aGMeR0	たべっこ水族館2_2025 12 20
1SHzrl7TLkX8DXC_ycTp2m9UJsU0yxmH6	ヒゲのさかな_2025 12 13
1VamJ3rbgFAsyUJQbutOlw6-f3xrCILZz	お鍋のさかな_2025 12 06
1cHYd9a1rHbCemqClMHhQSsikJGkBEsA8	クラゲスペシャル_2025 11 22
1xDbuxUUalIY7UZm4c9vclbbDuAbj7coE	サメ大集合_2025 11 16
1F0sXbLgWjm1sD3h9Cw9TzaIXMSD5ivgv	えのすいぬりえ_新江ノ島水族館 2025 11 08
1vQws59UDmH23pEnE5igkkXlvQPcMBY42	決定版！ペンギンぬりえ_2025 10 25
1dF14BnPbXCapMpenZ--KzuvBJBR2-8uQ	神戸須磨シーワールド_2025 10 20
1WbuxJeykeGQJ_T5b6UWCOftsS337pJnl	もーっと！おさかなしりとり_2025 10 12
1qGadHjMxIslrVdRA-T8B97uHjbmVGE3y	世界の淡水魚_2025 09 25
1LuSIL78JLzmBZur-vUdG9phGwfG4p9b5	北海道ぬりえ_2025 09 20.849Z
1-KJ8xlaj_lWZ0Hp36szGHkiy8tFSFoV9	貝ぬりえ_2025 09 13
1YeIhMywDXOpKhZeNafAx7KVaF_8de3nN	深海スペシャル_2025 09 07
1_iI_BIVHRTvZRrd6-mTXs2ZdtHVy_hvH	古代のいきもの_2025 08 16
1pCEwN2K4Fdoz3PL-3-1z8RtpwH5IBhcc	魚の漢字_2025 08 09
1CUE24aWN2cCAxQMAc0V2P8ojGoyYubB6	鴨川シーワールド_2025 08 02
16ZmO95ujlLodx03klc62M8eoCIn7gRjP	光るさかな_2025 07 17
1bQbLtNqZXhvK8NiZVqTD2Z_T6fO5dV13	毒のあるさかな_2025 07 06
1XYuaSj-wOFAKdQtHaziQyEaYk9t7NSNj	名古屋港水族館ぬりえ_2025 06 21
1PX--gFHnwZf7lbArrDuR3dyNQnjEaPIC	鳥羽水族館ぬりえ_2025 06 07
1i-7aHW-eD8uCuRaz7FURZpVIgY8qRzBX	おさかなしりとり3_2024 12 02.PNG
1rmzcOTXYQP30WnIYELvTkXW3NjUr1WtN	海遊館ぬりえ_2025 05 15
1qGCIK_JtXD7taePVcQsbhyu3Hb0fWojm	たべっ子水族館2_2025 05 03
1I9yWWfruiRgEhqh7zxaEGlK0MOgAQKzI	バトル！！_2025 04 20
1ajeeSAoudzt2TTv2YWmGbndANhP6thSJ	お家で飼えるさかな_2025 03 22.PNG
1RxQd8HGpHGLbBftthWiD_pqiot7PX14f	サメぬり絵2＿2025 03 15.PNG
1uN_DoJMKJdS3hFmOFpOhERfBneU5_iKs	都道府県のさかな_2025 03 08.PNG
1ABgQGR7PTAaOvoyt18hJclOgJpEhuBGD	九州のさかな_2025 02 22.PNG
10P8e2FIuoB3DB3d5Zgqxen593dRefJym	サザエさんぬりえ.PNG
1_9tYXXZRr_qd29a_VKCt5kkfLq_21Cr_	求愛_2025 02 09.PNG
1Epj9eUepP5Q2LJaNHuVkOswheOsNN3Hr	おさかなしりとり3_2025 02 02.png
1YGpkuhG3aAthJphB7DYONejEsWx9P6Qh	水族館で会えなくなるかも_2025 01 11.PNG
1cWYhAZ0biGIuYdTeK6fOInGiKAHBUuz6	深海魚_2024 12 21.PNG
1f_TLiLsW3LilQNp3bXJQx-v335UA0BZM	お鍋のさかな_2024 12 08.PNG
1oROb2NSFl_IZrjJJRQZBFvgFi0s2pSWH	大きいさかな！_2024 11 16.PNG
1mK4JRVWPWv2bHgMlZ0jacZJp79oVJ4Pd	ほそながいさかな_2024 11 09.PNG
1nl-cz3ihmyjbOTb34EXhef1F1nxQq0So	たべっ子水族館_2024 11 02.PNG
1DLeIeTkvycG6INqGJPOmJyjnNdTBSPP5	すしぬりえ_2024 10 19.png
16zTGYR6a-uY32UOTmjHpibteoDPaH47S	干物_2024 10 12.PNG
13RTUTpOb1hmxESpHeYCRRwPKZxBmhWAF	さかな運動会_2024 10 06.PNG
1Mgt-k45dIcKnk_p1DQJ8byjQd9E97p0A	サケとマスの仲間_2024 09 22.PNG
1-6iofycr5vgaAfSfxQF85efueGKN5gqM	さかなの漢字_2024 09 15.PNG
1HTUgayzdBJcpAxJHW8Jcb2n-qk5Msznx	チリメンモンスター_2024 09 08.PNG
1auzyDMtsKkhjGe-9c4KoTn0XzJwFmDP3	秋が旬_2024 09 01.PNG
1WqMoNhSgPeMnMp9nrrW5_VDaDkwWnjdf	ウミウシ_2024 08 12.PNG
13zNA5ccjzzNerY_8YY09YLOIaqAycN-Y	北極南極_2024 08 05.PNG
1dCNn_dPHLhloZonyGlw3e_ECBZGz8pIH	深海魚_2024 07 22.PNG
1z_q5PEfchqO61y79mqtPyLyTs0oGfMer	夏が旬の魚_2024 07 13.PNG
1IDi4zglwWEzdgwE9OC7TVxsp41sfzhq0	おさかなしりとり3_2024 07 07.PNG
1maGpDjEakaN8MD4NW578N0hjYimvmMKP	高級魚_2024 06 22.PNG
1iTxFf3lzYkqJZGOx2pUgKb6zdQhXpVe_	梅雨に美味しい_2024 06 16.PNG
1XQeiShuOtz1Q8330YNpr3g_ZUb4wjY2z	水玉のさかな_2024 06 08.PNG
1woA8djVwXMOz-5-R5iDZPYsOAc6uvxgX	クラゲ大集合_2024 06 01.PNG
1XHfCt5HxZC3aYyWFmm3FDNu5dHirMs2B	サメ大集合_2024 05 18.PNG
1yEG11xSU5obeL50AP8LIEZtYDe513b2W	幼魚_2024 05 11.PNG
1FEF7xuegz6hRLGFmv8JatpDkaQMD3NP3	おやすみ_2024 05 05.PNG
1Vjnkkrt66x21VYlyZvOmUPQ522ysrB5-	絶滅しちゃった_2024 04 21.PNG
1VrMbv2iQHaXOZ9w-BPkqEQlK0fKPodiL	海獣大集合_2024 04 13.PNG
1bDWdaq1UZk6qQ1JkIAd4_-gceZnIJ6fg	モノマネするさかな_2024 04 07.PNG
1NzthS6M3YDQytivM33KfFIJiHkF8pSe-	おすしのさかな_2024 03 23.PNG
1uxfNPkFqrS2sZh-GDmNLjrD2wzLHcW9I	さくら色のさかな_2024 03 09.PNG
1QcYovflXqqR3-myymDfWwcEhEr70tHrB	釣れる魚 2023 04 16.PNG
1s3vaaT-H2DKpEZE8_2fPLCavymDCvgsU	おさかなしりとりぬりえ2_2024 02 17.PNG
1lgasgtFUmBispo2iowf6qODx_YvKkTku	チョコレート_2024 02 11.PNG
1vOVaGOpadFG383jkfTNpI-yn-y2dOZVC	福が来るさかな_2024 02 03.jpg
1TY6Y7duFhxVGVY1aIQb8EVo-UR38-G0y	海と川を行き来するさかな_2024 01 21.png
1ccmbsiFWR598c8zHSNkqracoSaRjXo8r	おさかなしりとりぬりえ_2024 01 14.PNG
1vCwRLEx_GnciU_S2PNaEK_4f48OHDIg7	タイぬりえ_2024 01 06.PNG
1dRHN14iwprSPaniuwdkDQj645S0SKtih	クリスマス_2023 12 24.png
1vPWOqCJUAKvLPV5Xb3aTGbTCwg57jJnz	ペンギン_2023 12 17.JPG
1FpHSzjZSJymDtkSv1XIimQc8uL7Czyk5	光るさかな_2023 10 21.png
18C1uFRwnUEmiNT_lGMbao2-YZrHyjUro	夜行性のさかな 2023 10 14.PNG
1s1AQvEcfA1-iXEoNO2VK2tRYVgWMHTDN	秋色のさかな.png
1SN9WdM05-xGuNLxu-O2qp9aUOXm2FArj	どうぶつのなまえ_2023 09 16.PNG
1y4FhOdpRU2sdhWwoZSerTwZF_8IjS2gT	クジラとイルカ_2023 09 09.png
11jDUXWXusPn8JmS1iM5hbTXJmqzwj4kZ	フグ_2023 09 03.PNG
1PPapbSi_fnIJjDr3mZHzTppbVt7DkRj7	貝のなかま_2023 08 19.PNG
1hcihjpsw1zQp1PZZSI631CX8fc7o-8Cs	親子のさかな_2023 08 13.png
1-_IDSnJhD6qJDM1o95TV2PgVIRd_7lN-	しましま_2023 07 28.PNG
1NMGRGcA9xT-mEvht26lje0TcMvnaW9qf	タコイカ_2023 07 08.png
1qVms1UtqWA5nKF2FCFcy8POtTDGhNVGj	にょろにょろ_2023 07 02.png
1Fe5vxzfmdaEN2jSxzc4lM3JhlgcVDWjE	沖縄の魚 2023 06 17.PNG
1b-FPY9RoEWwWzFpV4RI-rNEJ7U_ZjPqb	北海道 2023 06 10.png
1v5XNg2LTyJhEXGerfYiGnpxsKqzm96K-	クラゲ 2023 05 27.PNG
